{
    "accuracy": 0.9782608695652174,
    "precision": 1.0,
    "recall": 0.8208955223880597
}
